{
  "conference_ratings": {
    "American Athletic": 0.051177631316617116,
    "Conference USA": 0.02859817289811284,
    "SEC": 0.18076638830126984,
    "Mountain West": 0.06624483360611241,
    "Pac-12": 0.05191671043751009,
    "Big Ten": 0.16728416799379037,
    "FBS Independents": 0.11151543186987686,
    "Sun Belt": 0.05254483488248261,
    "Big 12": 0.0793148558931967,
    "ACC": 0.13977274127393033,
    "Mid-American": 0.07086423152710113
  },
  "team_ratings": {
    "Kansas State": 0.006895410548248021,
    "Bowling Green": 0.008370770598642923,
    "Miami (OH)": 0.009991773768303451,
    "Washington": 0.007165010108931072,
    "USC": 0.00844922961385741,
    "Southern Miss": 0.008041391643039644,
    "North Texas": 0.008152701707779826,
    "UCLA": 0.007120066355015318,
    "South Alabama": 0.008003000622559181,
    "Oregon State": 0.007350783751606112,
    "Illinois": 0.00613969650187533,
    "Northwestern": 0.005544962797878003,
    "Iowa State": 0.006212364103075642,
    "Clemson": 0.006684896275958351,
    "Penn State": 0.009106706386656279,
    "LSU": 0.0065968047091099135,
    "Texas State": 0.0076589183247025095,
    "Texas A&M": 0.006193219528524803,
    "Georgia Southern": 0.007961479615929546,
    "UTSA": 0.008473837959446855,
    "Western Kentucky": 0.008760847334733094,
    "Ohio State": 0.00837259944866643,
    "Central Michigan": 0.007332046685857176,
    "Rice": 0.0076945242956572985,
    "Notre Dame": 0.01149335270062445,
    "Ball State": 0.0074207101850086235,
    "Colorado": 0.008038385434780465,
    "Louisiana": 0.008556588132285704,
    "Marshall": 0.008269782283830449,
    "App State": 0.0075326542315544785,
    "Colorado State": 0.008942226339306112,
    "Georgia": 0.006706175535985134,
    "Indiana": 0.006722374734984095,
    "Sam Houston": 0.008504964157911233,
    "Liberty": 0.0072493971982170455,
    "Kennesaw State": 0.00758551941133982,
    "Georgia Tech": 0.005574863044567237,
    "UAB": 0.007981179194135093,
    "Mississippi State": 0.005821995065391944,
    "Army": 0.00914751762677086,
    "Arkansas State": 0.008491449858449945,
    "Florida Atlantic": 0.007847824900384843,
    "Arizona": 0.007121320193067699,
    "Kentucky": 0.005563831223270704,
    "New Mexico": 0.008014356659585177,
    "Louisville": 0.006058694389667933,
    "Washington State": 0.007108863004589518,
    "Old Dominion": 0.008232258281492408,
    "Vanderbilt": 0.006353028277028103,
    "UL Monroe": 0.007989263078815912,
    "Oregon": 0.007841520218527971,
    "Massachusetts": 0.007194482101859146,
    "South Carolina": 0.005971135138315981,
    "Florida International": 0.00764011161812021,
    "UConn": 0.009232490253773453,
    "Syracuse": 0.006176165379704589,
    "Hawai'i": 0.006729701090598453,
    "Tulsa": 0.007362212129999152,
    "Arizona State": 0.009373463538695802,
    "Eastern Michigan": 0.007465457177492083,
    "Ole Miss": 0.0065676884867153255,
    "Florida State": 0.005984477938081827,
    "Michigan State": 0.0055404018661496645,
    "Texas Tech": 0.006390340155046382,
    "San Diego State": 0.0073366240804092235,
    "Troy": 0.0077651113112635764,
    "Navy": 0.008027572690743948,
    "Pittsburgh": 0.005880795568104896,
    "Georgia State": 0.00812282887452302,
    "UCF": 0.007918154867216658,
    "Oklahoma": 0.008388667168081353,
    "Wyoming": 0.007151625767874535,
    "Louisiana Tech": 0.008493046435144347,
    "James Madison": 0.00824677227579283,
    "Cincinnati": 0.007964617386245773,
    "UNLV": 0.008734271010325022,
    "South Florida": 0.008417976809304993,
    "Virginia": 0.005304404381097358,
    "Iowa": 0.0060129657581003025,
    "SMU": 0.009333033440855868,
    "Wisconsin": 0.005691345557027805,
    "Minnesota": 0.006000691810382947,
    "Utah State": 0.008095243495150893,
    "Purdue": 0.005183980014117428,
    "Ohio": 0.009278923856666699,
    "Nebraska": 0.006625034211335568,
    "Memphis": 0.00898191374388107,
    "BYU": 0.008322520641046645,
    "Duke": 0.005774025099760616,
    "Virginia Tech": 0.006875390405736348,
    "Akron": 0.008402551419651835,
    "Tennessee": 0.006692062710268374,
    "Auburn": 0.005632406593056566,
    "Texas": 0.011016113210572115,
    "Houston": 0.00905140853081444,
    "Maryland": 0.005477122902776631,
    "West Virginia": 0.006058223981015778,
    "Nevada": 0.008081191449847416,
    "Temple": 0.0086935963429816,
    "Miami": 0.005470998663443318,
    "Arkansas": 0.006465422786070513,
    "Toledo": 0.008178993557947604,
    "Kansas": 0.005811907780535426,
    "New Mexico State": 0.007801922322955596,
    "Middle Tennessee": 0.008032613670741756,
    "Fresno State": 0.008437976191091602,
    "Baylor": 0.006352582736256506,
    "Utah": 0.005894788430425753,
    "Rutgers": 0.006349694002811047,
    "Tulane": 0.009067919420229878,
    "Florida": 0.006549926202104671,
    "North Carolina": 0.005352927249865014,
    "Air Force": 0.007976166611278172,
    "Stanford": 0.007746119104721593,
    "Coastal Carolina": 0.008588159485304392,
    "Boise State": 0.009274852444885788,
    "Oklahoma State": 0.005792541271781763,
    "East Carolina": 0.008370220207683006,
    "Boston College": 0.006231806457447398,
    "Buffalo": 0.008623306516177601,
    "Western Michigan": 0.008660009837486247,
    "San Jos\u00e9 State": 0.008096709321774814,
    "Jacksonville State": 0.009377208060149987,
    "Wake Forest": 0.00509267092902464,
    "TCU": 0.006517892508859127,
    "Northern Illinois": 0.008148059962065302,
    "UTEP": 0.008258970590555418,
    "Kent State": 0.008094648076668563,
    "Michigan": 0.00740217488556759,
    "NC State": 0.006099239312520742,
    "Charlotte": 0.007520266252333315,
    "California": 0.008114134961019745,
    "Alabama": 0.006603190337964145,
    "Missouri": 0.006540501126898129
  },
  "season": 2024,
  "timestamp": "2025-06-05T06:33:02.728789",
  "metadata": {
    "total_teams": 134,
    "total_conferences": 11,
    "pipeline_type": "retro"
  }
}