{
  "conference_ratings": {
    "ACC": 0.1404385885062767,
    "SEC": 0.1802575376503343,
    "Sun Belt": 0.053547876283615146,
    "American Athletic": 0.05211558854206832,
    "Conference USA": 0.02892450020721829,
    "Mid-American": 0.07057227262049223,
    "FBS Independents": 0.1083433772414259,
    "Big Ten": 0.1656087284801705,
    "Big 12": 0.08009636321042501,
    "Mountain West": 0.06743088670441331,
    "Pac-12": 0.052664280553560275
  },
  "team_ratings": {
    "UCLA": 0.00873989146286544,
    "Virginia": 0.005014655988077049,
    "Rice": 0.006167893116484139,
    "Colorado": 0.008341513833098162,
    "Vanderbilt": 0.007431888102430153,
    "South Florida": 0.005318054489390538,
    "Temple": 0.004309694086246777,
    "UCF": 0.006208538733869671,
    "Stanford": 0.007445682880517498,
    "Arizona State": 0.013921860483863261,
    "Nebraska": 0.007649734781636001,
    "East Carolina": 0.006567435511125475,
    "Alabama": 0.009888685075111876,
    "Oregon State": 0.005096121211895369,
    "Sam Houston": 0.006626443661318071,
    "Nevada": 0.004712832637764575,
    "Florida Atlantic": 0.0035358055723648876,
    "Memphis": 0.00823612710190067,
    "Minnesota": 0.008889736951080017,
    "Tulane": 0.008561134189590511,
    "South Carolina": 0.009023767333360362,
    "Marshall": 0.009385929695079318,
    "Akron": 0.006902455335553869,
    "Old Dominion": 0.006743257205755797,
    "Southern Miss": 0.0032353086949839143,
    "Utah": 0.004858118597169147,
    "San Jos\u00e9 State": 0.005368661712068169,
    "Western Kentucky": 0.006546001791999365,
    "Liberty": 0.005321216256344931,
    "UConn": 0.007530611371258886,
    "Texas Tech": 0.007324649616760359,
    "Western Michigan": 0.007248609139539384,
    "Ball State": 0.004420066022038397,
    "Central Michigan": 0.004136343994056393,
    "North Texas": 0.004975070847264016,
    "Cincinnati": 0.00827989540819041,
    "Texas State": 0.006096104993273806,
    "Navy": 0.009772344999367133,
    "Washington State": 0.006673918691533514,
    "Florida State": 0.005100890155094215,
    "Toledo": 0.006977114673719737,
    "New Mexico State": 0.003423047375436335,
    "Rutgers": 0.007263248519824845,
    "Louisiana Tech": 0.004528156926640139,
    "Miami": 0.0070494206329260595,
    "Washington": 0.008826933200547912,
    "Boston College": 0.00689653496630964,
    "James Madison": 0.006511328455993307,
    "Baylor": 0.00571624243271643,
    "UNLV": 0.00862874354064842,
    "Florida International": 0.00412445793076158,
    "Georgia": 0.014070734174964678,
    "Clemson": 0.008715787779699849,
    "Michigan State": 0.00626425403319326,
    "Kentucky": 0.00611603351572675,
    "Duke": 0.006367402768133454,
    "Bowling Green": 0.006488550230763125,
    "Florida": 0.009005646406504347,
    "Kennesaw State": 0.0035539947000816667,
    "Mississippi State": 0.004491406574821256,
    "BYU": 0.010874553834700705,
    "Wisconsin": 0.005783649793791725,
    "North Carolina": 0.004923208159512614,
    "Georgia Tech": 0.00655369887436742,
    "Northwestern": 0.005438022552072492,
    "Michigan": 0.013294040157935335,
    "Louisiana": 0.0072255063164104434,
    "Miami (OH)": 0.009693628399820233,
    "Fresno State": 0.005712207842692847,
    "Oklahoma": 0.009757117019152781,
    "Hawai'i": 0.003929870084385241,
    "SMU": 0.012666750809518849,
    "San Diego State": 0.0036018256472858338,
    "UAB": 0.004260332560642622,
    "Virginia Tech": 0.0076445417254311105,
    "Northern Illinois": 0.00853159806761155,
    "Arkansas State": 0.006139382166056052,
    "Tulsa": 0.0030976490677084656,
    "Troy": 0.004662337070411111,
    "Oklahoma State": 0.004519604389413706,
    "Penn State": 0.018195124899173284,
    "Georgia State": 0.0054423958443546305,
    "App State": 0.005800334164379642,
    "Pittsburgh": 0.0061214895872605925,
    "Ole Miss": 0.010408295793593788,
    "Kent State": 0.0042447725991378955,
    "TCU": 0.006986948961842316,
    "Georgia Southern": 0.007503765739136931,
    "NC State": 0.005719142857376752,
    "Arizona": 0.004795276264916605,
    "Maryland": 0.006808608027911267,
    "Boise State": 0.011935796458204258,
    "Buffalo": 0.007513384694732274,
    "Air Force": 0.004577153578407983,
    "West Virginia": 0.0054954690666634545,
    "Notre Dame": 0.02648966714207082,
    "New Mexico": 0.004514917115166928,
    "Auburn": 0.004625619741953985,
    "Illinois": 0.010702956670929418,
    "Ohio": 0.009468439620128796,
    "LSU": 0.009887813877498628,
    "California": 0.0063808904129928614,
    "Kansas State": 0.00794739834181589,
    "Army": 0.009157987762294071,
    "Eastern Michigan": 0.004444307572834995,
    "UTSA": 0.007014475329079928,
    "Charlotte": 0.00509306592074043,
    "Texas A&M": 0.008447885106062791,
    "Kansas": 0.007765149396408024,
    "UL Monroe": 0.005070640902687031,
    "Iowa": 0.007697778534561508,
    "Texas": 0.02033813988438821,
    "Houston": 0.008128831328168657,
    "Middle Tennessee": 0.004082688014779885,
    "Missouri": 0.00901416179636181,
    "UTEP": 0.004109926062658441,
    "Tennessee": 0.00968510408382887,
    "Jacksonville State": 0.007160364438769899,
    "Ohio State": 0.027728083802582404,
    "Purdue": 0.005312519093801634,
    "Arkansas": 0.006881914573887958,
    "Wake Forest": 0.004314704937896398,
    "Oregon": 0.022181808137601608,
    "Syracuse": 0.009720869279657334,
    "Colorado State": 0.006288215026345563,
    "Iowa State": 0.0082900150895194,
    "USC": 0.0125888345714026,
    "Coastal Carolina": 0.005916541202046219,
    "Massachusetts": 0.003931814382301194,
    "South Alabama": 0.005980131507231031,
    "Louisville": 0.007936809800769258,
    "Utah State": 0.004433387179803072,
    "Indiana": 0.01029446363668796,
    "Wyoming": 0.004488205075537259
  },
  "season": 2024,
  "timestamp": "2025-06-05T06:46:50.495858",
  "metadata": {
    "total_teams": 134,
    "total_conferences": 11,
    "pipeline_type": "retro"
  }
}