{
  "conference_ratings": {
    "ACC": 0.1397727412739303,
    "Mountain West": 0.06624483360611241,
    "Pac-12": 0.05191671043751009,
    "American Athletic": 0.05117763131661711,
    "SEC": 0.1807663883012698,
    "Sun Belt": 0.05254483488248261,
    "Big 12": 0.0793148558931967,
    "Mid-American": 0.07086423152710113,
    "Conference USA": 0.028598172898112832,
    "Big Ten": 0.16728416799379037,
    "FBS Independents": 0.11151543186987686
  },
  "team_ratings": {
    "Notre Dame": 0.011493352700624451,
    "Ohio State": 0.008372599448666432,
    "Colorado": 0.008038385434780465,
    "James Madison": 0.00824677227579283,
    "New Mexico": 0.008014356659585177,
    "Miami": 0.005470998663443318,
    "Boise State": 0.009274852444885788,
    "UTEP": 0.008258970590555418,
    "Missouri": 0.006540501126898129,
    "Massachusetts": 0.007194482101859146,
    "Hawai'i": 0.006729701090598452,
    "Army": 0.009147517626770862,
    "North Texas": 0.008152701707779824,
    "Middle Tennessee": 0.008032613670741756,
    "Alabama": 0.006603190337964144,
    "Louisville": 0.006058694389667933,
    "Nevada": 0.008081191449847418,
    "Arizona": 0.007121320193067701,
    "Virginia Tech": 0.006875390405736347,
    "UAB": 0.007981179194135093,
    "Oklahoma": 0.008388667168081355,
    "UCF": 0.00791815486721666,
    "San Diego State": 0.007336624080409222,
    "Kansas State": 0.006895410548248022,
    "Arkansas State": 0.008491449858449945,
    "Kentucky": 0.005563831223270704,
    "Wisconsin": 0.005691345557027806,
    "Old Dominion": 0.008232258281492407,
    "Iowa": 0.0060129657581003025,
    "UL Monroe": 0.007989263078815912,
    "UCLA": 0.007120066355015318,
    "Pittsburgh": 0.005880795568104895,
    "Tennessee": 0.006692062710268374,
    "TCU": 0.006517892508859127,
    "Fresno State": 0.0084379761910916,
    "Central Michigan": 0.007332046685857174,
    "New Mexico State": 0.007801922322955596,
    "Oklahoma State": 0.005792541271781763,
    "Michigan State": 0.0055404018661496645,
    "Kennesaw State": 0.00758551941133982,
    "Georgia Tech": 0.005574863044567237,
    "Bowling Green": 0.008370770598642923,
    "Mississippi State": 0.005821995065391944,
    "Utah": 0.005894788430425754,
    "Arkansas": 0.006465422786070513,
    "Western Michigan": 0.008660009837486245,
    "Michigan": 0.007402174885567591,
    "Tulsa": 0.007362212129999152,
    "Colorado State": 0.008942226339306112,
    "Georgia Southern": 0.007961479615929546,
    "Marshall": 0.008269782283830449,
    "Western Kentucky": 0.008760847334733096,
    "Miami (OH)": 0.009991773768303451,
    "Sam Houston": 0.008504964157911233,
    "Arizona State": 0.0093734635386958,
    "Syracuse": 0.006176165379704589,
    "Charlotte": 0.007520266252333314,
    "South Alabama": 0.008003000622559181,
    "Maryland": 0.005477122902776631,
    "Texas": 0.011016113210572115,
    "Clemson": 0.006684896275958351,
    "Boston College": 0.006231806457447399,
    "Southern Miss": 0.008041391643039644,
    "San Jos\u00e9 State": 0.008096709321774812,
    "UConn": 0.009232490253773453,
    "Northwestern": 0.005544962797878003,
    "Rice": 0.0076945242956572985,
    "Nebraska": 0.006625034211335568,
    "Florida International": 0.007640111618120211,
    "Coastal Carolina": 0.008588159485304392,
    "Indiana": 0.006722374734984096,
    "Florida": 0.006549926202104671,
    "Duke": 0.005774025099760616,
    "Texas Tech": 0.0063903401550463815,
    "Virginia": 0.005304404381097357,
    "LSU": 0.006596804709109914,
    "UNLV": 0.00873427101032502,
    "Toledo": 0.008178993557947604,
    "Penn State": 0.00910670638665628,
    "Eastern Michigan": 0.007465457177492083,
    "Ball State": 0.0074207101850086235,
    "Vanderbilt": 0.006353028277028104,
    "Purdue": 0.005183980014117428,
    "UTSA": 0.008473837959446857,
    "North Carolina": 0.005352927249865013,
    "South Florida": 0.008417976809304993,
    "Cincinnati": 0.007964617386245773,
    "Illinois": 0.006139696501875331,
    "Georgia": 0.006706175535985135,
    "USC": 0.00844922961385741,
    "Iowa State": 0.006212364103075643,
    "Oregon": 0.007841520218527971,
    "Buffalo": 0.008623306516177601,
    "Florida Atlantic": 0.007847824900384845,
    "Stanford": 0.007746119104721593,
    "Wake Forest": 0.00509267092902464,
    "Rutgers": 0.006349694002811048,
    "Kent State": 0.008094648076668563,
    "NC State": 0.006099239312520742,
    "Wyoming": 0.007151625767874535,
    "Auburn": 0.005632406593056565,
    "Baylor": 0.006352582736256506,
    "Ole Miss": 0.006567688486715325,
    "Texas State": 0.0076589183247025095,
    "Utah State": 0.008095243495150893,
    "Minnesota": 0.006000691810382947,
    "Texas A&M": 0.006193219528524803,
    "Jacksonville State": 0.009377208060149985,
    "Oregon State": 0.007350783751606112,
    "Houston": 0.00905140853081444,
    "East Carolina": 0.008370220207683006,
    "Tulane": 0.009067919420229878,
    "SMU": 0.009333033440855868,
    "Akron": 0.008402551419651835,
    "Liberty": 0.0072493971982170455,
    "BYU": 0.008322520641046645,
    "Georgia State": 0.00812282887452302,
    "Kansas": 0.005811907780535425,
    "Ohio": 0.009278923856666699,
    "West Virginia": 0.006058223981015777,
    "Washington": 0.007165010108931073,
    "Temple": 0.0086935963429816,
    "California": 0.008114134961019745,
    "South Carolina": 0.005971135138315981,
    "Air Force": 0.007976166611278172,
    "Navy": 0.008027572690743948,
    "Washington State": 0.007108863004589519,
    "Louisiana Tech": 0.008493046435144347,
    "Northern Illinois": 0.008148059962065303,
    "Louisiana": 0.008556588132285705,
    "Florida State": 0.005984477938081827,
    "Troy": 0.007765111311263575,
    "Memphis": 0.00898191374388107,
    "App State": 0.0075326542315544785
  },
  "season": 2024,
  "timestamp": "2025-06-05T15:30:28.825602",
  "metadata": {
    "total_teams": 134,
    "total_conferences": 11,
    "pipeline_type": "retro"
  }
}