{
  "conference_ratings": {
    "ACC": 0.1393198684934217,
    "Mid-American": 0.07157837864550996,
    "SEC": 0.18000760422857492,
    "Conference USA": 0.028782711250387765,
    "Big Ten": 0.16646236584012986,
    "Pac-12": 0.05184525642102294,
    "Big 12": 0.0791860418075484,
    "Mountain West": 0.06625462303887798,
    "FBS Independents": 0.11231403452100827,
    "American Athletic": 0.05137375846989303,
    "Sun Belt": 0.0528753572836251
  },
  "team_ratings": {
    "Rutgers": 0.007773842926048279,
    "UTEP": 0.007197035964712399,
    "Ohio State": 0.01026175830958632,
    "Wyoming": 0.006422591859575057,
    "Baylor": 0.00757715105182528,
    "Virginia Tech": 0.008622531335244932,
    "Arkansas State": 0.007442159505677522,
    "Arkansas": 0.008560203890296002,
    "Sam Houston": 0.0076442976109475725,
    "USC": 0.007097271826569238,
    "Western Michigan": 0.007395376743915918,
    "Utah": 0.005992834227542106,
    "Ole Miss": 0.008498373281131713,
    "Kent State": 0.0068468268509102965,
    "Syracuse": 0.007861583643270668,
    "Georgia Southern": 0.0070094508613471156,
    "Notre Dame": 0.00908242089356252,
    "Georgia": 0.00863077054205923,
    "Tennessee": 0.008993396654996284,
    "Clemson": 0.008365453697444014,
    "Maryland": 0.007462011710109253,
    "Florida State": 0.007391146911432141,
    "UTSA": 0.007607152312343104,
    "Texas State": 0.006860356965241743,
    "Florida Atlantic": 0.00688606488409359,
    "Appalachian State": 0.006639857250350189,
    "UCF": 0.006731431446732381,
    "Boise State": 0.008157930071760843,
    "UConn": 0.007658312157152918,
    "Kennesaw State": 0.006843605677796222,
    "Ohio": 0.007969541294904327,
    "Oklahoma": 0.007016583109647834,
    "Navy": 0.007152218672224366,
    "Liberty": 0.006519645392212219,
    "Miami (OH)": 0.00857967168281492,
    "Oregon": 0.006810656232775572,
    "Boston College": 0.008074358312162844,
    "North Texas": 0.007326834720832401,
    "Tulsa": 0.006592944502289089,
    "Army": 0.008199801886717113,
    "Louisiana Tech": 0.007458007432386733,
    "South Florida": 0.0073381904696281225,
    "Iowa State": 0.0069306880058923066,
    "Missouri": 0.008595342583408043,
    "NC State": 0.007367088285796574,
    "Charlotte": 0.00651391956976668,
    "Southern Miss": 0.007086781152034369,
    "Auburn": 0.007838344878588512,
    "Washington": 0.0067916663756490145,
    "Troy": 0.006829815403978416,
    "Alabama": 0.008694529074907855,
    "Middle Tennessee": 0.007004602024693607,
    "Arizona": 0.006945467374915455,
    "Colorado State": 0.007912670417817664,
    "Purdue": 0.007639754456431657,
    "Michigan State": 0.008000666935523681,
    "Louisiana": 0.0075614986753453,
    "South Alabama": 0.007045932852233429,
    "Akron": 0.0070762634784516665,
    "Duke": 0.007469062855154856,
    "James Madison": 0.007242132152834328,
    "Bowling Green": 0.007189674010116671,
    "Ball State": 0.0063205846561921585,
    "Kansas": 0.006660968405679325,
    "New Mexico State": 0.006905127831410724,
    "Wake Forest": 0.006518401516529064,
    "West Virginia": 0.0072066378858361415,
    "Fresno State": 0.007383655941948183,
    "LSU": 0.00853386028299845,
    "Florida International": 0.00674976012378054,
    "Memphis": 0.007914722839971047,
    "Kansas State": 0.0072816676163698245,
    "Northwestern": 0.008070709621553693,
    "Cincinnati": 0.006792988477882215,
    "Rice": 0.006882234316487863,
    "Georgia Tech": 0.007741468293930988,
    "Kentucky": 0.007437266949371923,
    "UAB": 0.007042041753344438,
    "Illinois": 0.008331823047527904,
    "Penn State": 0.009782812100333913,
    "Oklahoma State": 0.006797700535082678,
    "TCU": 0.006844708591496327,
    "Minnesota": 0.007628540198947056,
    "Tulane": 0.007945059734118727,
    "Pittsburgh": 0.0075053964833605765,
    "Old Dominion": 0.007162159222646678,
    "California": 0.006655870279523221,
    "UCLA": 0.00642487002629618,
    "Miami": 0.00772495976485399,
    "San Jos\u00e9 State": 0.007230064586909833,
    "Coastal Carolina": 0.0075814531268997695,
    "South Carolina": 0.007787528306355029,
    "Air Force": 0.007115851869476978,
    "Eastern Michigan": 0.0064871706894114416,
    "Stanford": 0.0062995331860132096,
    "Utah State": 0.0071694874171983536,
    "Mississippi State": 0.008100216830503656,
    "Houston": 0.0077406042526017085,
    "San Diego State": 0.006550497845117107,
    "Oregon State": 0.006889494336565834,
    "Virginia": 0.007075440763801771,
    "SMU": 0.007475864838652196,
    "Northern Illinois": 0.007060260997358474,
    "Iowa": 0.008035317964659689,
    "Vanderbilt": 0.008286511544256803,
    "Wisconsin": 0.00777735045348147,
    "Toledo": 0.007051983414237699,
    "Massachusetts": 0.006037676345441633,
    "Texas Tech": 0.006825523500948622,
    "Washington State": 0.0067830323558386516,
    "Louisville": 0.007431020104739642,
    "UNLV": 0.007671821800302016,
    "Nebraska": 0.008494632267378644,
    "Arizona State": 0.008525089128178892,
    "New Mexico": 0.00706822946143149,
    "Hawaii": 0.006012491425108428,
    "BYU": 0.007118262058833723,
    "Indiana": 0.00883069920717816,
    "Texas A&M": 0.008297535401917109,
    "Buffalo": 0.007436611437879374,
    "Colorado": 0.007371570381239585,
    "North Carolina": 0.007616946791699769,
    "Jacksonville State": 0.0083042760464388,
    "Texas": 0.009049375654961925,
    "Florida": 0.008721732892143052,
    "Temple": 0.007750062602397477,
    "Western Kentucky": 0.007696014972259181,
    "Michigan": 0.008664973786826461,
    "Central Michigan": 0.006359090083530838,
    "Georgia State": 0.006992899049008546,
    "Marshall": 0.007163385920871333,
    "East Carolina": 0.007475870719325521,
    "UL Monroe": 0.006983570813483567,
    "Nevada": 0.007069421533852059
  },
  "season": 2024,
  "timestamp": "2025-06-05T16:05:59.866897",
  "metadata": {
    "total_teams": 134,
    "total_conferences": 11,
    "pipeline_type": "retro"
  }
}