{
  "conference_ratings": {
    "ACC": 0.1393198684934217,
    "Mountain West": 0.06625462303887797,
    "Pac-12": 0.05184525642102294,
    "SEC": 0.18000760422857487,
    "American Athletic": 0.05137375846989303,
    "Mid-American": 0.07157837864550995,
    "Big 12": 0.07918604180754839,
    "Big Ten": 0.16646236584012988,
    "Conference USA": 0.02878271125038776,
    "FBS Independents": 0.11231403452100827,
    "Sun Belt": 0.0528753572836251
  },
  "team_ratings": {
    "Pittsburgh": 0.0075053964833605765,
    "Old Dominion": 0.007162159222646678,
    "Louisiana": 0.0075614986753453,
    "USC": 0.007097271826569239,
    "Western Michigan": 0.007395376743915918,
    "Liberty": 0.00651964539221222,
    "Utah": 0.005992834227542107,
    "Minnesota": 0.007628540198947056,
    "West Virginia": 0.0072066378858361415,
    "UTEP": 0.0071970359647123994,
    "South Florida": 0.0073381904696281225,
    "Memphis": 0.007914722839971047,
    "East Carolina": 0.007475870719325522,
    "Jacksonville State": 0.008304276046438802,
    "Coastal Carolina": 0.007581453126899771,
    "Kansas": 0.006660968405679327,
    "Kentucky": 0.007437266949371923,
    "UL Monroe": 0.0069835708134835675,
    "Florida": 0.008721732892143053,
    "Rice": 0.006882234316487864,
    "New Mexico State": 0.0069051278314107255,
    "Oregon State": 0.006889494336565834,
    "Nevada": 0.007069421533852061,
    "Troy": 0.006829815403978418,
    "UCF": 0.006731431446732381,
    "UCLA": 0.006424870026296181,
    "San Jos\u00e9 State": 0.007230064586909833,
    "Akron": 0.0070762634784516665,
    "Florida International": 0.00674976012378054,
    "Louisville": 0.007431020104739645,
    "Washington": 0.006791666375649016,
    "Purdue": 0.007639754456431658,
    "Middle Tennessee": 0.007004602024693608,
    "New Mexico": 0.00706822946143149,
    "North Texas": 0.0073268347208324015,
    "Florida State": 0.007391146911432141,
    "Auburn": 0.007838344878588512,
    "Virginia Tech": 0.008622531335244932,
    "Wisconsin": 0.00777735045348147,
    "Cincinnati": 0.006792988477882217,
    "Boise State": 0.008157930071760845,
    "Stanford": 0.00629953318601321,
    "Temple": 0.007750062602397478,
    "UConn": 0.007658312157152918,
    "Illinois": 0.008331823047527902,
    "Georgia State": 0.006992899049008546,
    "Ball State": 0.0063205846561921585,
    "Arkansas": 0.008560203890296002,
    "California": 0.006655870279523222,
    "Western Kentucky": 0.007696014972259182,
    "Kennesaw State": 0.006843605677796222,
    "UTSA": 0.007607152312343104,
    "Ohio State": 0.01026175830958632,
    "Southern Miss": 0.007086781152034368,
    "Arkansas State": 0.007442159505677523,
    "Oregon": 0.006810656232775572,
    "Iowa State": 0.006930688005892308,
    "Air Force": 0.0071158518694769786,
    "Duke": 0.007469062855154856,
    "Texas A&M": 0.00829753540191711,
    "Baylor": 0.00757715105182528,
    "Penn State": 0.009782812100333915,
    "Kent State": 0.006846826850910297,
    "Charlotte": 0.006513919569766682,
    "Colorado State": 0.007912670417817663,
    "Northern Illinois": 0.007060260997358474,
    "Utah State": 0.0071694874171983536,
    "Arizona": 0.006945467374915457,
    "Texas State": 0.006860356965241741,
    "Central Michigan": 0.006359090083530838,
    "Florida Atlantic": 0.006886064884093591,
    "Mississippi State": 0.008100216830503656,
    "Ole Miss": 0.008498373281131715,
    "Kansas State": 0.0072816676163698245,
    "Bowling Green": 0.007189674010116671,
    "James Madison": 0.007242132152834329,
    "SMU": 0.007475864838652197,
    "Buffalo": 0.007436611437879374,
    "Vanderbilt": 0.008286511544256803,
    "Fresno State": 0.007383655941948183,
    "Sam Houston": 0.0076442976109475725,
    "UNLV": 0.007671821800302017,
    "Tulsa": 0.0065929445022890895,
    "South Alabama": 0.007045932852233429,
    "Wyoming": 0.006422591859575058,
    "BYU": 0.007118262058833723,
    "Boston College": 0.008074358312162844,
    "Northwestern": 0.008070709621553693,
    "Georgia": 0.008630770542059232,
    "Virginia": 0.007075440763801771,
    "UAB": 0.007042041753344439,
    "South Carolina": 0.007787528306355031,
    "North Carolina": 0.007616946791699768,
    "Eastern Michigan": 0.006487170689411442,
    "Missouri": 0.008595342583408043,
    "Notre Dame": 0.009082420893562522,
    "Rutgers": 0.007773842926048279,
    "Navy": 0.007152218672224366,
    "TCU": 0.006844708591496327,
    "Washington State": 0.006783032355838652,
    "Appalachian State": 0.006639857250350191,
    "Miami": 0.00772495976485399,
    "Army": 0.008199801886717113,
    "Oklahoma": 0.007016583109647834,
    "Wake Forest": 0.006518401516529063,
    "Nebraska": 0.008494632267378644,
    "NC State": 0.007367088285796573,
    "Michigan": 0.008664973786826463,
    "Houston": 0.007740604252601711,
    "Michigan State": 0.008000666935523681,
    "Syracuse": 0.007861583643270666,
    "Tulane": 0.007945059734118727,
    "LSU": 0.008533860282998452,
    "Colorado": 0.007371570381239586,
    "Ohio": 0.007969541294904327,
    "Toledo": 0.007051983414237699,
    "Georgia Southern": 0.007009450861347116,
    "Massachusetts": 0.006037676345441634,
    "Texas Tech": 0.006825523500948624,
    "Marshall": 0.007163385920871333,
    "Alabama": 0.008694529074907855,
    "Clemson": 0.008365453697444018,
    "Hawaii": 0.0060124914251084285,
    "Indiana": 0.00883069920717816,
    "Arizona State": 0.008525089128178896,
    "Oklahoma State": 0.006797700535082679,
    "Miami (OH)": 0.008579671682814921,
    "Tennessee": 0.008993396654996284,
    "Louisiana Tech": 0.007458007432386735,
    "San Diego State": 0.006550497845117107,
    "Georgia Tech": 0.007741468293930988,
    "Maryland": 0.007462011710109253,
    "Texas": 0.009049375654961927,
    "Iowa": 0.00803531796465969
  },
  "season": 2024,
  "timestamp": "2025-06-05T16:01:34.371796",
  "metadata": {
    "total_teams": 134,
    "total_conferences": 11,
    "pipeline_type": "retro"
  }
}