{
  "conference_ratings": {
    "MAC": 0.04838596843693341,
    "SEC": 0.18938160665937545,
    "ACC": 0.19502077785974134,
    "Big 12": 0.0974361249589602,
    "Independent": 0.030133434363949718,
    "Pac-12": 0.08762031398862062,
    "Big Ten": 0.1667882905836856,
    "American": 0.05465340722455822,
    "Mountain West": 0.050530812128987475,
    "Sun Belt": 0.05439639649426913,
    "Conference USA": 0.025652867300919
  },
  "team_ratings": {
    "Kennesaw State": 0.006781371813931571,
    "Georgia Southern": 0.006932772691672524,
    "Jacksonville State": 0.00820722819089496,
    "Virginia": 0.0075249591513495894,
    "Iowa": 0.007923750858062644,
    "West Virginia": 0.007364069210307379,
    "Boise State": 0.008051618307545652,
    "Old Dominion": 0.0070704688075437765,
    "Georgia Tech": 0.008277071213876958,
    "UAB": 0.006966740029952941,
    "North Texas": 0.007251296141223382,
    "Southern Miss": 0.007014578663473498,
    "Kentucky": 0.007409024713322997,
    "Western Michigan": 0.007319693212716287,
    "Washington": 0.007185423047599607,
    "Oklahoma": 0.006962978814779051,
    "Auburn": 0.007826726306272437,
    "Indiana": 0.008710525844819093,
    "Texas A&M": 0.00828253879729127,
    "Oregon State": 0.007005794924245424,
    "Arkansas State": 0.007361187401459016,
    "Wisconsin": 0.007676471946114465,
    "Florida State": 0.007766591196771043,
    "Akron": 0.006998375693361435,
    "Kent State": 0.006751940126804534,
    "Troy": 0.00676384509174995,
    "TCU": 0.006886258567254352,
    "Missouri": 0.008568695706533047,
    "Massachusetts": 0.005963613119231411,
    "Illinois": 0.008217576856962793,
    "Notre Dame": 0.008880565992712782,
    "Ole Miss": 0.008446390533274105,
    "UCF": 0.006599773121965962,
    "UL Monroe": 0.006911210299437327,
    "Syracuse": 0.008271464428208626,
    "Florida": 0.008671031761086082,
    "Tulane": 0.007853371472275095,
    "Liberty": 0.006462662667077016,
    "UTSA": 0.0075340524149595895,
    "Purdue": 0.007539787501119459,
    "Vanderbilt": 0.00823768345410991,
    "Marshall": 0.007070359944285028,
    "USC": 0.00721924969089275,
    "Ball State": 0.006229822020005442,
    "Navy": 0.007076442441889934,
    "Utah": 0.006253562534059913,
    "Buffalo": 0.007352832087212709,
    "Utah State": 0.007071968545129297,
    "Texas": 0.008948235193956721,
    "Maryland": 0.00734478849836778,
    "Louisville": 0.007803486095516144,
    "East Carolina": 0.007390124400967866,
    "California": 0.0064782904854782195,
    "Middle Tennessee": 0.006918651122225614,
    "Georgia State": 0.006890443779564386,
    "Georgia": 0.008580452607774259,
    "Baylor": 0.007746822596161191,
    "Texas State": 0.006792780768212549,
    "South Alabama": 0.00697620383619755,
    "Michigan": 0.008546001519884844,
    "San Diego State": 0.0064656178963442695,
    "Minnesota": 0.007502403885020872,
    "Kansas": 0.006795277367924903,
    "Houston": 0.007591704871004286,
    "Iowa State": 0.007035702721416144,
    "Rice": 0.006808195460134067,
    "Louisiana": 0.007467436094732803,
    "Army": 0.008117816012740836,
    "Temple": 0.0076690319534682685,
    "Washington State": 0.006893284551053842,
    "New Mexico State": 0.0068382811894197836,
    "UTEP": 0.007126408727068126,
    "Appalachian State": 0.006552621893297628,
    "Western Kentucky": 0.007613188574225442,
    "Michigan State": 0.00788729428855707,
    "Penn State": 0.009627838327247918,
    "Florida Atlantic": 0.006816590815781666,
    "Ohio": 0.007864221360307266,
    "Oregon": 0.00705364980839359,
    "Memphis": 0.007812426311976248,
    "Stanford": 0.006114868477248994,
    "Hawaii": 0.005939793499768314,
    "Northern Illinois": 0.00697022468835206,
    "Fresno State": 0.007292791785701287,
    "Colorado State": 0.0078171190026664,
    "Toledo": 0.006968247914389767,
    "New Mexico": 0.006977460081534846,
    "North Carolina": 0.00814549057362719,
    "UConn": 0.007502088318487473,
    "Florida International": 0.0066894746848240845,
    "Arizona State": 0.008610996215476584,
    "Miami": 0.008258046645959149,
    "Tennessee": 0.00896546678828624,
    "BYU": 0.00697610978317137,
    "Arkansas": 0.008533149975473282,
    "Kansas State": 0.0073491562318923715,
    "San Jos\u00e9 State": 0.007140410238423648,
    "LSU": 0.008500358806379098,
    "Cincinnati": 0.006659259055992954,
    "James Madison": 0.007147758408646142,
    "Air Force": 0.007030111414282817,
    "Mississippi State": 0.00808563346168185,
    "Sam Houston": 0.007570495355064072,
    "Central Michigan": 0.006296397659758095,
    "Alabama": 0.008681704710303008,
    "Nebraska": 0.00836428503434995,
    "Louisiana Tech": 0.007368884013558111,
    "Tulsa": 0.006525077843737184,
    "Charlotte": 0.006426319972080785,
    "South Florida": 0.0072454099351555844,
    "UNLV": 0.007556555518339397,
    "Miami (OH)": 0.008478642445337718,
    "South Carolina": 0.007764932548655197,
    "Wyoming": 0.006345908293045632,
    "Ohio State": 0.010126550586931083,
    "Wake Forest": 0.006877579228640661,
    "Virginia Tech": 0.009116357123226159,
    "Rutgers": 0.007651771644795591,
    "Northwestern": 0.007952343954837189,
    "Coastal Carolina": 0.0074862937456271796,
    "Nevada": 0.006980975270855456,
    "Colorado": 0.0074759387959518735,
    "Duke": 0.007925347393699432,
    "Pittsburgh": 0.007908178654933462,
    "Clemson": 0.00882347876108044,
    "Arizona": 0.007141351180309065,
    "Oklahoma State": 0.00694167842402065,
    "UCLA": 0.006661958133266535,
    "Texas Tech": 0.006893621620078099,
    "SMU": 0.007250664156801498,
    "Boston College": 0.008590407277118505,
    "NC State": 0.0077088531941991835,
    "Bowling Green": 0.0071118575517586345,
    "Eastern Michigan": 0.006415473548972327
  },
  "season": 2024,
  "timestamp": "2025-06-05T16:33:51.591612",
  "metadata": {
    "total_teams": 134,
    "total_conferences": 11,
    "pipeline_type": "retro"
  }
}