{
  "conference_ratings": {
    "SEC": 0.18917819608326986,
    "ACC": 0.19497379034243395,
    "Pac-12": 0.08752705562998479,
    "American": 0.054732183722124794,
    "Mountain West": 0.05063985506277195,
    "Independent": 0.03014135020633714,
    "MAC": 0.04840052393325893,
    "Conference USA": 0.025768485317831026,
    "Big 12": 0.09739828582550818,
    "Sun Belt": 0.054544493448716945,
    "Big Ten": 0.1666957804277624
  },
  "team_ratings": {
    "Southern Miss": 0.006417083555521868,
    "Stanford": 0.007640371460408997,
    "Indiana": 0.00900051086583716,
    "Louisiana Tech": 0.005797461580396301,
    "UAB": 0.007132735111238856,
    "Fresno State": 0.006728130665682784,
    "Miami (OH)": 0.00859068672023497,
    "UNLV": 0.0067640177865614425,
    "California": 0.00787599423135333,
    "Tennessee": 0.009204023082898537,
    "Purdue": 0.007584766934319465,
    "Notre Dame": 0.008811402397485702,
    "East Carolina": 0.007696661268096187,
    "UCF": 0.006834678657333878,
    "Cincinnati": 0.006837831120407678,
    "Miami": 0.008313536724933398,
    "Troy": 0.006118420327877722,
    "Michigan State": 0.007951969154506603,
    "Ohio": 0.008030338236327362,
    "Liberty": 0.004976392265090132,
    "Texas A&M": 0.008515887895098105,
    "Illinois": 0.008274480896919166,
    "Iowa State": 0.007160463471287831,
    "Missouri": 0.00877724083945908,
    "West Virginia": 0.0074230469342352725,
    "Texas Tech": 0.007004499524022456,
    "Army": 0.008388694029387947,
    "Akron": 0.007046768090624388,
    "Virginia Tech": 0.009317487993715718,
    "Western Michigan": 0.007440749782726082,
    "UTEP": 0.005523752463524854,
    "North Texas": 0.00749268869090518,
    "Arkansas": 0.00879379886909778,
    "Rutgers": 0.007943606180677718,
    "Wake Forest": 0.007228394970067416,
    "Arizona State": 0.008884521076490164,
    "Maryland": 0.007462659637323618,
    "BYU": 0.00716911061191039,
    "Kansas": 0.006879265835503363,
    "Buffalo": 0.0075271290335183335,
    "Colorado": 0.007709043916625445,
    "Penn State": 0.010098422445070313,
    "Appalachian State": 0.005821437453665907,
    "Georgia Southern": 0.006446552340125784,
    "South Carolina": 0.007958553844131347,
    "Iowa": 0.008150337791001789,
    "NC State": 0.008090579313975119,
    "New Mexico": 0.006466529290934436,
    "Washington": 0.008692623660794725,
    "Ole Miss": 0.008769909206784268,
    "Utah State": 0.006475921019702638,
    "UTSA": 0.00786080229551747,
    "Florida International": 0.005247638082981875,
    "Michigan": 0.008930943064851078,
    "Arkansas State": 0.006734702467941952,
    "Georgia": 0.008891129220935469,
    "Air Force": 0.006340973188620407,
    "Vanderbilt": 0.008405043174641727,
    "San Diego State": 0.005836943296753872,
    "Kentucky": 0.0076709480720440135,
    "Toledo": 0.007125246424558534,
    "Syracuse": 0.008589818228339867,
    "Louisiana": 0.006845139259881855,
    "Jacksonville State": 0.006577837535585564,
    "Memphis": 0.008068284787246026,
    "Texas": 0.010736362599164008,
    "Utah": 0.006478615721130983,
    "Nebraska": 0.00864122577417047,
    "Arizona": 0.007399631047426314,
    "New Mexico State": 0.0053572750578740206,
    "Pittsburgh": 0.008228303348410362,
    "Hawaii": 0.006216168258935505,
    "Oklahoma State": 0.007026958604564707,
    "Oklahoma": 0.008651971381718943,
    "Boise State": 0.00732735060810529,
    "Auburn": 0.008045207374621425,
    "Baylor": 0.00785874647900499,
    "Washington State": 0.007101662489248222,
    "Temple": 0.007861520405119806,
    "Tulsa": 0.006737234128046036,
    "Virginia": 0.00768011375512766,
    "Florida": 0.008871959712912618,
    "LSU": 0.008692111507319621,
    "San Jos\u00e9 State": 0.006480440417600749,
    "Eastern Michigan": 0.006515120303383594,
    "Western Kentucky": 0.0059230967086289195,
    "Duke": 0.008043192613095924,
    "Georgia State": 0.0062378724593205905,
    "James Madison": 0.006625909885526101,
    "Oregon": 0.008673696509711807,
    "UL Monroe": 0.0062498236510566555,
    "Kent State": 0.006793588929351675,
    "Coastal Carolina": 0.0068933994854566685,
    "Boston College": 0.008766987544152614,
    "Charlotte": 0.006567135373743208,
    "Wisconsin": 0.007837627270994161,
    "Massachusetts": 0.006043954223356891,
    "Georgia Tech": 0.008288233876048847,
    "Northern Illinois": 0.007074684602167595,
    "Middle Tennessee": 0.005346565276587335,
    "Kennesaw State": 0.005380747780208289,
    "Ohio State": 0.010266051519568683,
    "UConn": 0.00760841895382453,
    "Kansas State": 0.00745903236417285,
    "Ball State": 0.006338320253883371,
    "Sam Houston": 0.006186027107194184,
    "Wyoming": 0.005694474292853971,
    "Texas State": 0.006183833155301478,
    "Old Dominion": 0.006433210894720832,
    "Alabama": 0.008950766596816673,
    "USC": 0.008529316580091907,
    "Bowling Green": 0.007222735335872161,
    "UCLA": 0.007959180472318146,
    "Navy": 0.007228537267215279,
    "SMU": 0.008994677919967668,
    "North Carolina": 0.008152192140984647,
    "Louisville": 0.00817176633345778,
    "Colorado State": 0.007112384890751808,
    "Clemson": 0.009171231962403317,
    "South Alabama": 0.006420676254453761,
    "Minnesota": 0.007709021419106835,
    "Rice": 0.006996301376773978,
    "Nevada": 0.006445113190781817,
    "Central Michigan": 0.006450995759086329,
    "Northwestern": 0.008012380966943358,
    "Houston": 0.0077765643744952965,
    "Marshall": 0.006389391778075879,
    "Florida Atlantic": 0.00703690074260212,
    "Tulane": 0.007993216967763728,
    "Florida State": 0.008196166290147043,
    "Mississippi State": 0.008308138851851223,
    "TCU": 0.006953671333117529,
    "South Florida": 0.007426016891834624,
    "Oregon State": 0.007202172242555774
  },
  "season": 2024,
  "timestamp": "2025-06-05T16:51:03.161055",
  "metadata": {
    "total_teams": 134,
    "total_conferences": 11,
    "pipeline_type": "retro"
  }
}