{
  "conference_ratings": {
    "Pac-12": 0.05184525819155042,
    "ACC": 0.1393198716291027,
    "FBS Independents": 0.11231403155144687,
    "Conference USA": 0.028782713035481914,
    "SEC": 0.1800075927495417,
    "Mountain West": 0.06625462686171191,
    "American Athletic": 0.051373761800387,
    "Big 12": 0.07918604538002996,
    "Sun Belt": 0.052875362449205744,
    "Big Ten": 0.16646235294925837,
    "Mid-American": 0.07157838340228374
  },
  "team_ratings": {
    "Temple": 0.007750062781077564,
    "Western Kentucky": 0.0076960151248021995,
    "Akron": 0.007076263730202691,
    "Washington": 0.006791666666521122,
    "Kansas State": 0.007281667828781903,
    "Missouri": 0.008595341898880584,
    "Boston College": 0.008074358271832036,
    "Wisconsin": 0.007777350090128877,
    "UCLA": 0.0064248702997510496,
    "Duke": 0.007469062951521906,
    "Baylor": 0.007577151263310962,
    "Clemson": 0.008365453998894674,
    "BYU": 0.00711826217865614,
    "UL Monroe": 0.0069835710089642495,
    "Louisville": 0.007431020268160648,
    "Northwestern": 0.008070708840649062,
    "Central Michigan": 0.006359090402811293,
    "USC": 0.007097272036013196,
    "Miami (OH)": 0.00857967201060721,
    "Georgia": 0.008630769593553826,
    "Florida Atlantic": 0.006886065053672399,
    "Tulane": 0.007945059841420493,
    "Louisiana Tech": 0.007458007551126224,
    "Auburn": 0.007838344390060122,
    "Colorado": 0.007371570514179427,
    "Oklahoma": 0.007016583061767034,
    "Hawai'i": 0.006012491853383185,
    "UTSA": 0.007607152358660351,
    "Eastern Michigan": 0.006487171108380241,
    "Colorado State": 0.007912670529162886,
    "Georgia Southern": 0.0070094512423423795,
    "Georgia State": 0.006992899410889639,
    "Bowling Green": 0.007189674286374456,
    "California": 0.00665587049619604,
    "North Texas": 0.007326834817193778,
    "Middle Tennessee": 0.00700460216720115,
    "Georgia Tech": 0.007741468264491179,
    "UTEP": 0.0071970360620407636,
    "SMU": 0.007475865021691161,
    "Nevada": 0.007069421834158018,
    "James Madison": 0.007242132599951898,
    "UCF": 0.006731431544073509,
    "Coastal Carolina": 0.0075814535259271,
    "Sam Houston": 0.007644297952301405,
    "Virginia Tech": 0.008622531255915753,
    "Texas Tech": 0.006825523637529892,
    "Syracuse": 0.007861583718954207,
    "Florida": 0.008721731896009477,
    "Buffalo": 0.0074366118891268885,
    "Wake Forest": 0.006518401741114787,
    "Texas A&M": 0.00829753474309255,
    "Navy": 0.007152218784456702,
    "UConn": 0.007658312454635769,
    "Washington State": 0.006783032702493709,
    "Virginia": 0.007075440910966311,
    "Kansas": 0.006660968588316039,
    "Illinois": 0.008331822424822753,
    "San Jos\u00e9 State": 0.007230064745775641,
    "Maryland": 0.007462011387952001,
    "Liberty": 0.00651964561863488,
    "Alabama": 0.008694528188510018,
    "Vanderbilt": 0.008286510838274953,
    "Boise State": 0.008157930353209171,
    "LSU": 0.008533859669642643,
    "Massachusetts": 0.006037676546213808,
    "UAB": 0.007042041884088503,
    "Ohio": 0.007969541673059164,
    "Florida International": 0.006749760319311841,
    "South Florida": 0.00733819061371338,
    "Kentucky": 0.007437266470768815,
    "Notre Dame": 0.009082420420403591,
    "Nebraska": 0.008494631567647874,
    "Michigan": 0.008664973051177964,
    "App State": 0.006639857872818312,
    "South Carolina": 0.007787527918234332,
    "Texas State": 0.006860357151812403,
    "Rice": 0.006882234469936973,
    "Cincinnati": 0.0067929886149871235,
    "New Mexico": 0.007068229757263618,
    "Western Michigan": 0.007395377034182321,
    "Ole Miss": 0.008498372610894745,
    "Stanford": 0.006299533334361855,
    "South Alabama": 0.00704593316517163,
    "Texas": 0.009049374996406758,
    "Utah State": 0.007169487775828922,
    "Mississippi State": 0.00810021601421907,
    "Arizona State": 0.008525089119562896,
    "Oklahoma State": 0.0067977007118754105,
    "Wyoming": 0.006422591940396456,
    "Pittsburgh": 0.007505396709981167,
    "Rutgers": 0.007773842855269517,
    "Miami": 0.007724959854178268,
    "Arizona": 0.006945467565167794,
    "Kent State": 0.0068468270559707235,
    "New Mexico State": 0.006905128022883104,
    "Iowa State": 0.006930688217514981,
    "Iowa": 0.008035317403123224,
    "Fresno State": 0.0073836562115908045,
    "Minnesota": 0.00762854000393681,
    "Army": 0.008199801901614696,
    "Utah": 0.005992834387203741,
    "Southern Miss": 0.0070867813716932425,
    "East Carolina": 0.00747587096064033,
    "Oregon State": 0.006889494557222209,
    "Arkansas State": 0.007442159720968996,
    "NC State": 0.007367088456608392,
    "San Diego State": 0.0065504981353007655,
    "West Virginia": 0.007206638078251708,
    "Penn State": 0.009782811200677007,
    "Marshall": 0.0071633861476587506,
    "Air Force": 0.007115851997460437,
    "Toledo": 0.007051983793359546,
    "Ohio State": 0.010261755939901864,
    "Indiana": 0.008830698251744463,
    "UNLV": 0.007671822059782448,
    "Michigan State": 0.008000666225541393,
    "Purdue": 0.007639753633534762,
    "Tennessee": 0.008993395361389033,
    "TCU": 0.006844708868581171,
    "Arkansas": 0.008560203010718626,
    "Florida State": 0.007391147017843123,
    "Troy": 0.006829815612817717,
    "North Carolina": 0.007616947004417103,
    "Jacksonville State": 0.00830427623642152,
    "Old Dominion": 0.0071621595947021464,
    "Northern Illinois": 0.007060261406052441,
    "Tulsa": 0.0065929446453297045,
    "Memphis": 0.00791472299358117,
    "Kennesaw State": 0.006843605839539928,
    "Louisiana": 0.0075614990692274425,
    "Houston": 0.007740604431794446,
    "Charlotte": 0.006513919713520104,
    "Ball State": 0.006320584928797215,
    "Oregon": 0.006810656230947997
  },
  "season": 2024,
  "timestamp": "2025-06-05T15:45:10.366504",
  "metadata": {
    "total_teams": 134,
    "total_conferences": 11,
    "pipeline_type": "retro"
  }
}